{
  "sv": {
    "accuracy": 0.7443187395700402,
    "precision": 0.9553469122500984,
    "recall": 0.7539952488932081,
    "f1": 0.8428119884430564,
    "macro_f1": 0.579041300323858,
    "weighted_f1": 0.794858389307221,
    "balanced_accuracy": 0.7007692227187423,
    "roc_auc": 0.765535752174447,
    "pr_auc": 0.9593076643842617,
    "target_mean": 0.7307139412566,
    "target_std": 0.2715502496663827,
    "non_target_mean": 0.1797698498000773,
    "non_target_std": 0.6034183718337913,
    "eer": 0.3116766074165962
  },
  "spoof": {
    "accuracy": 0.7163173652694611,
    "precision": 0.8622295398227146,
    "recall": 0.7775194961007799,
    "f1": 0.8176864418140668,
    "macro_f1": 0.5893699876206835,
    "weighted_f1": 0.7346704266641412,
    "balanced_accuracy": 0.6091971130611891,
    "roc_auc": 0.6487024368040809,
    "pr_auc": 0.8760198897992493,
    "eer": 0.38147534370015845
  },
  "joint": {
    "accuracy": 0.6913836261902425,
    "precision": 0.43704887353882055,
    "recall": 0.46165696666282297,
    "f1": 0.4417725069220347,
    "macro_f1": 0.4417725069220347,
    "weighted_f1": 0.7151745235721835,
    "balanced_accuracy": 0.46165696666282297,
    "manual_review_rate": 0.0
  },
  "joint_default": {
    "accuracy": 0.7748110336703642,
    "precision": 0.4676118527400202,
    "recall": 0.41575036234653723,
    "f1": 0.42913423306405113,
    "macro_f1": 0.42913423306405113,
    "weighted_f1": 0.7539113782334869,
    "balanced_accuracy": 0.41575036234653723,
    "manual_review_rate": 0.0
  },
  "majority_baseline": {
    "accuracy": 0.8181996662412879,
    "precision": 0.2727332220804293,
    "recall": 0.3333333333333333,
    "f1": 0.3000035993233272,
    "macro_f1": 0.3000035993233272,
    "weighted_f1": 0.7363885345125941,
    "balanced_accuracy": 0.3333333333333333,
    "manual_review_rate": 0.0
  },
  "calibration": {
    "brier_score": 0.1614366061373629,
    "ece": 0.10315262778911073
  },
  "threshold_selection": {
    "objective": "macro_f1",
    "sv_threshold": 0.6199999999999999,
    "spoof_threshold": 0.69,
    "objective_value": 0.5643260080724738,
    "balanced_accuracy": 0.61722627970898,
    "decision_accuracy": 0.7636171144859814,
    "manual_review_rate": 0.0,
    "search_split": "val",
    "default_sv_threshold": 0.55,
    "default_spoof_threshold": 0.5,
    "used_tuned_thresholds": true
  },
  "joint_sv_only": {
    "accuracy": 0.12882227348581526,
    "precision": 0.11193372592597771,
    "recall": 0.47239470842332615,
    "f1": 0.171921022405734,
    "macro_f1": 0.171921022405734,
    "weighted_f1": 0.04688294888025219,
    "balanced_accuracy": 0.47239470842332615,
    "manual_review_rate": 0.0
  },
  "joint_spoof_only": {
    "accuracy": 0.7664179837047217,
    "precision": 0.3440990017966241,
    "recall": 0.38497282454956094,
    "f1": 0.3628606177699285,
    "macro_f1": 0.3628606177699285,
    "weighted_f1": 0.735838530163685,
    "balanced_accuracy": 0.38497282454956094,
    "manual_review_rate": 0.0
  }
}
