{
  "sv": {
    "accuracy": 0.792744429174438,
    "precision": 0.9535848248626101,
    "recall": 0.8115214339704135,
    "f1": 0.876836191149823,
    "macro_f1": 0.6117601962576044,
    "weighted_f1": 0.828645286806995,
    "balanced_accuracy": 0.7082377688210599,
    "roc_auc": 0.7309745579774171,
    "pr_auc": 0.9475801911257903,
    "target_mean": 0.7302236598587382,
    "target_std": 0.30989296137239664,
    "non_target_mean": 0.1144983340496651,
    "non_target_std": 0.6944111989471013,
    "eer": 0.3265077423543726
  },
  "spoof": {
    "accuracy": 0.7887319623048984,
    "precision": 0.844348062182803,
    "recall": 0.9094406118776245,
    "f1": 0.8756863693632875,
    "macro_f1": 0.5863436848551733,
    "weighted_f1": 0.7704811761348537,
    "balanced_accuracy": 0.5774592368243414,
    "roc_auc": 0.6487024368040809,
    "pr_auc": 0.8760198897992493,
    "eer": 0.38147534370015845
  },
  "joint": {
    "accuracy": 0.7745656228526554,
    "precision": 0.46640290992233774,
    "recall": 0.4148504343407777,
    "f1": 0.4283159140154613,
    "macro_f1": 0.4283159140154613,
    "weighted_f1": 0.7536882222192548,
    "balanced_accuracy": 0.4148504343407777
  },
  "calibration": {
    "brier_score": 0.1614366061373629,
    "ece": 0.10315262778911073
  }
}